Title,URL
科技人進修指南×100 新MBA｜Meet創業小聚,https://meet.bnext.com.tw/articles/view/3757
15所英美加名校，讓你取得電子商務學位（下）｜Meet創業小聚,https://meet.bnext.com.tw/articles/view/21155
行銷4P、新4P是什麼？4C又是什麼？用UNIQLO的例子帶你一次搞懂 ...,https://meet.bnext.com.tw/articles/view/49333
揭開亞馬遜內部流傳的管理書單！這10 本好書，貝佐斯超推薦｜Meet ...,https://meet.bnext.com.tw/articles/view/41334
自創品牌的網路拍賣王｜Meet創業小聚,https://meet.bnext.com.tw/articles/view/5469
林建江的文章｜Meet創業小聚,https://meet.bnext.com.tw/author/view/1294
五力分析圖是什麼？幫助檢視產業競爭的五力分析法，定義、範例 ...,https://meet.bnext.com.tw/articles/view/49716
SAP買下商業智慧大廠BO 與甲骨文力抗｜Meet創業小聚,https://meet.bnext.com.tw/articles/view/68
解決租屋資訊不對稱，人人都能當「租客」——「Zuker」創辦人黃聖皓,https://meet.bnext.com.tw/articles/view/37611
8 張圖，掌握近80 年最重要的創新理論！|經理人,https://meet.bnext.com.tw/articles/view/46870
